identifier,target
80000,2
80001,2
80002,2
80003,2
80004,2
80005,2
80006,2
80007,2
80008,2
80009,2
80010,2
80011,3
80012,3
80013,3
80014,3
80015,3
80016,3
80017,3
80018,3
80019,3
80020,3
80021,3
80022,3
80023,3
80024,3
80025,3
80026,3
80027,3
80028,3
80029,3
80030,3
80031,3
80032,3
80033,3
80034,3
80035,3
80036,3
80037,3
80038,3
80039,3
80040,3
80041,3
80042,3
80043,3
80044,3
80045,3
80046,3
80047,3
80048,3
80049,3
80050,3
80051,3
80052,3
80053,3
80054,3
80055,3
80056,3
80057,3
80058,3
80059,3
80060,3
80061,3
80062,3
80063,3
80064,3
80065,3
80066,3
80067,3
80068,3
80069,3
80070,3
80071,3
80072,3
80073,3
80074,3
80075,3
80076,3
80077,3
80078,3
80079,3
80080,3
80081,3
80082,3
80083,3
80084,3
80085,3
80086,3
80087,3
80088,3
80089,3
80090,3
80091,3
80092,3
80093,3
80094,3
80095,3
80096,3
80097,3
80098,3
80099,3
80100,3
80101,3
80102,3
80103,3
80104,3
80105,3
80106,3
80107,3
80108,3
80109,3
80110,3
80111,3
80112,3
80113,3
80114,3
80115,3
80116,3
80117,3
80118,3
80119,3
80120,3
80121,3
80122,3
80123,3
80124,3
80125,3
80126,3
80127,3
80128,3
80129,3
80130,3
80131,0
80132,0
80133,2
80134,2
80135,3
80136,3
80137,2
80138,3
80139,2
80140,2
80141,2
80142,3
80143,2
80144,3
80145,2
80146,2
80147,2
80148,2
80149,2
80150,2
80151,2
80152,2
80153,2
80154,2
80155,2
80156,2
80157,2
80158,2
80159,2
80160,2
80161,2
80162,3
80163,2
80164,2
80165,2
80166,2
80167,2
80168,2
80169,3
80170,2
80171,2
80172,2
80173,2
80174,2
80175,2
80176,3
80177,2
80178,2
80179,2
80180,2
80181,2
80182,3
80183,2
80184,2
80185,2
80186,2
80187,3
80188,2
80189,2
80190,3
80191,2
80192,2
80193,2
80194,3
80195,3
80196,2
80197,2
80198,2
80199,2
80200,2
80201,3
80202,2
80203,3
80204,2
80205,3
80206,2
80207,3
80208,3
80209,2
80210,2
80211,3
80212,3
80213,3
80214,3
80215,3
80216,3
80217,3
80218,2
80219,2
80220,3
80221,3
80222,3
80223,3
80224,3
80225,3
80226,3
80227,3
80228,3
80229,3
80230,3
80231,3
80232,3
80233,3
80234,3
80235,3
80236,3
80237,2
80238,3
80239,3
80240,3
80241,3
80242,3
80243,3
80244,3
80245,3
80246,3
80247,3
80248,3
80249,3
80250,3
80251,3
80252,3
80253,3
80254,3
80255,3
80256,3
80257,3
80258,3
80259,3
80260,3
80261,3
80262,3
80263,3
80264,3
80265,3
80266,3
80267,3
80268,3
80269,3
80270,3
80271,3
80272,3
80273,3
80274,3
80275,3
80276,3
80277,3
80278,3
80279,3
80280,3
80281,3
80282,3
80283,3
80284,3
80285,3
80286,3
80287,3
80288,3
80289,3
80290,3
80291,3
80292,3
80293,3
80294,3
80295,3
80296,3
80297,3
80298,3
80299,3
80300,2
80301,0
80302,2
80303,2
80304,2
80305,3
80306,2
80307,2
80308,2
80309,2
80310,2
80311,2
80312,3
80313,3
80314,3
80315,3
80316,3
80317,2
80318,2
80319,2
80320,2
80321,2
80322,2
80323,2
80324,2
80325,2
80326,2
80327,3
80328,2
80329,2
80330,2
80331,2
80332,2
80333,2
80334,2
80335,2
80336,2
80337,2
80338,2
80339,2
80340,2
80341,3
80342,3
80343,2
80344,3
80345,2
80346,2
80347,3
80348,2
80349,0
80350,2
80351,2
80352,2
80353,2
80354,2
80355,3
80356,2
80357,2
80358,2
80359,2
80360,2
80361,2
80362,2
80363,2
80364,2
80365,2
80366,2
80367,2
80368,2
80369,2
80370,2
80371,2
80372,2
80373,3
80374,2
80375,3
80376,2
80377,3
80378,3
80379,2
80380,3
80381,3
80382,2
80383,2
80384,2
80385,2
80386,2
80387,3
80388,3
80389,3
80390,3
80391,3
80392,3
80393,3
80394,3
80395,3
80396,3
80397,3
80398,3
80399,3
80400,3
80401,3
80402,2
80403,3
80404,2
80405,3
80406,3
80407,3
80408,3
80409,3
80410,3
80411,3
80412,3
80413,3
80414,3
80415,3
80416,3
80417,3
80418,3
80419,3
80420,3
80421,2
80422,2
80423,2
80424,2
80425,3
80426,2
80427,3
80428,3
80429,2
80430,3
80431,3
80432,2
80433,3
80434,2
80435,2
80436,3
80437,3
80438,2
80439,3
80440,3
80441,3
80442,3
80443,3
80444,3
80445,3
80446,3
80447,3
80448,3
80449,3
80450,2
80451,3
80452,2
80453,2
80454,3
80455,3
80456,2
80457,2
80458,3
80459,3
80460,2
80461,3
80462,3
80463,3
80464,3
80465,2
80466,3
80467,3
80468,3
80469,2
80470,3
80471,3
80472,3
80473,3
80474,3
80475,3
80476,3
80477,3
80478,3
80479,3
80480,3
80481,3
80482,2
80483,2
80484,3
80485,3
80486,3
80487,3
80488,0
80489,3
80490,3
80491,3
80492,3
80493,3
80494,3
80495,3
80496,3
80497,3
80498,2
80499,2
80500,2
80501,2
80502,2
80503,2
80504,2
80505,2
80506,2
80507,2
80508,2
80509,2
80510,2
80511,2
80512,2
80513,2
80514,2
80515,2
80516,2
80517,2
80518,2
80519,2
80520,2
80521,2
80522,2
80523,2
80524,2
80525,2
80526,2
80527,2
80528,2
80529,2
80530,3
80531,2
80532,2
80533,2
80534,3
80535,2
80536,2
80537,2
80538,2
80539,2
80540,2
80541,2
80542,2
80543,2
80544,2
80545,2
80546,2
80547,2
80548,2
80549,2
80550,2
80551,2
80552,2
80553,2
80554,2
80555,2
80556,2
80557,2
80558,2
80559,3
80560,2
80561,2
80562,2
80563,2
80564,2
80565,3
80566,2
80567,2
80568,2
80569,2
80570,3
80571,3
80572,3
80573,2
80574,2
80575,2
80576,2
80577,2
80578,3
80579,2
80580,3
80581,2
80582,3
80583,3
80584,3
80585,2
80586,3
80587,2
80588,3
80589,3
80590,3
80591,3
80592,3
80593,3
80594,3
80595,3
80596,3
80597,3
80598,3
80599,3
80600,3
80601,3
80602,3
80603,3
80604,3
80605,3
80606,3
80607,3
80608,3
80609,3
80610,3
80611,3
80612,3
80613,3
80614,3
80615,3
80616,3
80617,3
80618,3
80619,3
80620,2
80621,3
80622,2
80623,3
80624,3
80625,3
80626,2
80627,3
80628,2
80629,3
80630,2
80631,2
80632,2
80633,2
80634,3
80635,2
80636,2
80637,2
80638,2
80639,2
80640,2
80641,2
80642,2
80643,2
80644,2
80645,2
80646,2
80647,2
80648,2
80649,2
80650,2
80651,3
80652,2
80653,2
80654,2
80655,2
80656,2
80657,2
80658,2
80659,2
80660,2
80661,2
80662,2
80663,2
80664,2
80665,2
80666,2
80667,2
80668,2
80669,2
80670,2
80671,2
80672,2
80673,2
80674,2
80675,2
80676,2
80677,2
80678,2
80679,0
80680,2
80681,2
80682,2
80683,2
80684,2
80685,2
80686,2
80687,2
80688,2
80689,2
80690,2
80691,2
80692,2
80693,2
80694,2
80695,2
80696,2
80697,2
80698,2
80699,2
80700,2
80701,2
80702,2
80703,2
80704,2
80705,2
80706,2
80707,2
80708,2
80709,2
80710,2
80711,2
80712,2
80713,2
80714,2
80715,2
80716,2
80717,2
80718,2
80719,2
80720,2
80721,2
80722,2
80723,2
80724,2
80725,2
80726,2
80727,2
80728,2
80729,2
80730,2
80731,3
80732,2
80733,2
80734,3
80735,2
80736,2
80737,0
80738,2
80739,2
80740,2
80741,2
80742,2
80743,2
80744,2
80745,2
80746,2
80747,2
80748,2
80749,2
80750,2
80751,3
80752,2
80753,2
80754,2
80755,3
80756,2
80757,2
80758,2
80759,2
80760,2
80761,3
80762,3
80763,2
80764,2
80765,3
80766,3
80767,2
80768,2
80769,3
80770,2
80771,2
80772,2
80773,2
80774,2
80775,2
80776,2
80777,2
80778,2
80779,2
80780,3
80781,2
80782,2
80783,2
80784,2
80785,2
80786,2
80787,2
80788,2
80789,2
80790,2
80791,2
80792,2
80793,2
80794,2
80795,2
80796,2
80797,2
80798,2
80799,2
80800,2
80801,2
80802,2
80803,2
80804,0
80805,2
80806,3
80807,3
80808,0
80809,0
80810,2
80811,2
80812,2
80813,2
80814,2
80815,2
80816,2
80817,2
80818,2
80819,2
80820,2
80821,2
80822,2
80823,2
80824,2
80825,2
80826,2
80827,2
80828,2
80829,2
80830,2
80831,2
80832,2
80833,2
80834,2
80835,2
80836,2
80837,2
80838,2
80839,4
80840,4
80841,2
80842,2
80843,2
80844,4
80845,2
80846,4
80847,2
80848,2
80849,2
80850,4
80851,4
80852,4
80853,2
80854,2
80855,2
80856,2
80857,2
80858,2
80859,2
80860,2
80861,2
80862,2
80863,2
80864,2
80865,2
80866,2
80867,4
80868,2
80869,2
80870,2
80871,2
80872,2
80873,2
80874,2
80875,2
80876,2
80877,2
80878,2
80879,2
80880,2
80881,2
80882,2
80883,2
80884,2
80885,2
80886,2
80887,2
80888,2
80889,2
80890,2
80891,2
80892,2
80893,2
80894,2
80895,2
80896,2
80897,3
80898,2
80899,2
80900,2
80901,2
80902,2
80903,2
80904,2
80905,2
80906,2
80907,2
80908,2
80909,0
80910,2
80911,2
80912,2
80913,2
80914,2
80915,2
80916,2
80917,2
80918,2
80919,2
80920,2
80921,2
80922,2
80923,2
80924,2
80925,2
80926,2
80927,2
80928,2
80929,2
80930,2
80931,2
80932,2
80933,2
80934,2
80935,2
80936,2
80937,2
80938,2
80939,2
80940,3
80941,2
80942,3
80943,2
80944,2
80945,2
80946,2
80947,2
80948,2
80949,2
80950,2
80951,2
80952,2
80953,2
80954,2
80955,0
80956,2
80957,2
80958,2
80959,2
80960,2
80961,2
80962,2
80963,2
80964,2
80965,2
80966,2
80967,2
80968,2
80969,2
80970,2
80971,2
80972,2
80973,2
80974,2
80975,2
80976,2
80977,2
80978,2
80979,2
80980,2
80981,2
80982,2
80983,2
80984,2
80985,2
80986,2
80987,2
80988,2
80989,2
80990,2
80991,2
80992,2
80993,2
80994,2
80995,2
80996,2
80997,2
80998,2
80999,2
81000,2
81001,2
81002,2
81003,2
81004,2
81005,2
81006,2
81007,2
81008,2
81009,2
81010,2
81011,2
81012,2
81013,2
81014,2
81015,2
81016,2
81017,2
81018,2
81019,2
81020,2
81021,2
81022,3
81023,3
81024,2
81025,2
81026,2
81027,3
81028,2
81029,2
81030,3
81031,2
81032,2
81033,2
81034,2
81035,4
81036,2
81037,2
81038,2
81039,4
81040,4
81041,4
81042,4
81043,2
81044,4
81045,4
81046,4
81047,2
81048,4
81049,2
81050,4
81051,4
81052,0
81053,2
81054,2
81055,2
81056,2
81057,4
81058,2
81059,2
81060,4
81061,2
81062,2
81063,2
81064,2
81065,2
81066,2
81067,2
81068,2
81069,2
81070,2
81071,2
81072,2
81073,2
81074,2
81075,2
81076,2
81077,2
81078,2
81079,2
81080,2
81081,2
81082,2
81083,2
81084,2
81085,2
81086,2
81087,2
81088,2
81089,2
81090,2
81091,2
81092,2
81093,0
81094,2
81095,0
81096,0
81097,1
81098,2
81099,2
81100,2
81101,2
81102,2
81103,2
81104,2
81105,2
81106,2
81107,2
81108,2
81109,2
81110,2
81111,2
81112,2
81113,2
81114,2
81115,2
81116,2
81117,2
81118,2
81119,2
81120,2
81121,2
81122,2
81123,2
81124,2
81125,2
81126,2
81127,2
81128,2
81129,2
81130,2
81131,2
81132,2
81133,2
81134,2
81135,2
81136,3
81137,2
81138,0
81139,2
81140,2
81141,2
81142,2
81143,2
81144,2
81145,2
81146,2
81147,2
81148,0
81149,2
81150,2
81151,2
81152,2
81153,2
81154,2
81155,2
81156,2
81157,2
81158,2
81159,2
81160,2
81161,2
81162,2
81163,2
81164,2
81165,2
81166,2
81167,2
81168,2
81169,2
81170,2
81171,2
81172,2
81173,2
81174,2
81175,2
81176,2
81177,2
81178,2
81179,2
81180,2
81181,2
81182,3
81183,2
81184,0
81185,0
81186,0
81187,2
81188,2
81189,0
81190,0
81191,0
90000,0
90001,0
90002,0
90003,0
90004,2
90005,0
90006,0
90007,2
90008,0
90009,0
90010,2
90011,0
90012,0
90013,0
90014,0
90015,0
90016,0
90017,0
90018,0
90019,0
90020,0
90021,0
90022,0
90023,0
90024,0
90025,0
90026,0
90027,0
90028,0
90029,0
90030,0
90031,0
90032,0
90033,0
90034,0
90035,0
90036,0
90037,1
90038,0
90039,0
90040,0
90041,2
90042,0
90043,0
90044,0
90045,0
90046,0
90047,0
90048,0
90049,0
90050,0
90051,0
90052,0
90053,0
90054,0
90055,0
90056,0
90057,0
90058,0
90059,0
90060,0
90061,0
90062,0
90063,0
90064,0
90065,0
90066,0
90067,0
90068,0
90069,0
90070,0
90071,1
90072,1
90073,1
90074,1
90075,0
90076,0
90077,2
90078,2
90079,2
90080,0
90081,0
90082,0
90083,2
90084,2
90085,2
90086,2
90087,2
90088,2
90089,2
90090,2
90091,2
90092,2
90093,0
90094,2
90095,2
90096,2
90097,2
90098,2
90099,2
90100,2
90101,2
90102,2
90103,2
90104,2
90105,2
90106,2
90107,2
90108,2
90109,2
90110,2
90111,2
90112,2
90113,2
90114,2
90115,2
90116,2
90117,2
90118,2
90119,2
90120,2
90121,2
90122,3
90123,2
90124,2
90125,2
90126,2
90127,2
90128,2
90129,2
90130,3
90131,3
90132,2
90133,2
90134,2
90135,2
90136,2
90137,0
90138,2
90139,2
90140,2
90141,2
90142,2
90143,2
90144,2
90145,2
90146,0
90147,0
90148,0
90149,0
90150,0
90151,0
90152,0
90153,0
90154,0
90155,0
90156,0
90157,0
90158,0
90159,0
90160,4
90161,2
90162,2
90163,2
90164,0
90165,4
90166,2
90167,2
90168,2
90169,2
90170,2
90171,2
90172,0
90173,2
90174,0
90175,0
90176,0
90177,0
90178,0
90179,0
90180,0
90181,0
90182,0
90183,0
90184,0
90185,0
90186,0
90187,0
90188,0
90189,0
90190,0
90191,0
90192,0
90193,0
90194,0
90195,0
90196,0
90197,0
90198,0
90199,0
90200,0
90201,0
90202,0
90203,0
90204,0
90205,0
90206,0
90207,0
90208,0
90209,0
90210,0
90211,0
90212,0
90213,2
90214,0
90215,4
90216,0
90217,0
90218,0
90219,0
90220,0
90221,0
90222,0
90223,0
90224,0
90225,4
90226,2
90227,4
90228,0
90229,0
90230,0
90231,0
90232,0
90233,0
90234,0
90235,0
90236,0
90237,0
90238,0
90239,0
90240,0
90241,0
90242,2
90243,0
90244,0
90245,4
90246,2
90247,4
90248,2
90249,2
90250,2
90251,2
90252,2
90253,2
90254,2
90255,2
90256,0
90257,2
90258,2
90259,2
90260,2
90261,2
90262,2
90263,2
90264,2
90265,2
90266,2
90267,2
90268,2
90269,2
90270,2
90271,2
90272,2
90273,2
90274,2
90275,2
90276,2
90277,2
90278,2
90279,2
90280,2
90281,3
90282,2
90283,2
90284,2
90285,2
90286,3
90287,3
90288,2
90289,3
90290,2
90291,3
90292,3
90293,3
90294,3
90295,3
90296,3
90297,3
90298,2
90299,3
90300,3
90301,3
90302,3
90303,2
90304,3
90305,3
90306,3
90307,2
90308,3
90309,3
90310,3
90311,3
90312,3
90313,3
90314,3
90315,3
90316,3
90317,3
90318,3
90319,3
90320,3
90321,3
90322,3
90323,2
90324,3
90325,3
90326,2
90327,3
90328,3
90329,3
90330,3
90331,3
90332,3
90333,3
90334,3
90335,3
90336,3
90337,3
90338,3
90339,3
90340,3
90341,2
90342,2
90343,2
90344,2
90345,2
90346,2
90347,2
90348,2
90349,2
90350,2
90351,2
90352,2
90353,2
90354,2
90355,4
90356,2
90357,2
90358,2
90359,2
90360,2
90361,2
90362,2
90363,2
90364,2
90365,2
90366,2
90367,2
90368,2
90369,2
90370,2
90371,2
90372,2
90373,2
90374,2
90375,2
90376,2
90377,2
90378,2
90379,2
90380,2
90381,2
90382,2
90383,2
90384,2
90385,2
90386,2
90387,2
90388,2
90389,2
90390,2
90391,2
90392,2
90393,2
90394,2
90395,2
90396,2
90397,2
90398,2
90399,2
90400,2
90401,2
90402,2
90403,2
90404,2
90405,0
90406,0
90407,0
90408,2
90409,2
90410,2
90411,2
90412,2
90413,2
90414,2
90415,2
90416,2
90417,2
90418,2
90419,2
90420,2
90421,2
90422,2
90423,2
90424,2
90425,2
90426,2
90427,2
90428,2
90429,2
90430,2
90431,2
90432,2
90433,2
90434,3
90435,3
90436,2
90437,2
90438,3
90439,3
90440,3
90441,3
90442,3
90443,3
90444,3
90445,3
90446,3
90447,3
90448,3
90449,3
90450,3
90451,3
90452,3
90453,2
90454,3
90455,3
90456,3
90457,3
90458,3
90459,3
90460,3
90461,3
90462,3
90463,3
90464,3
90465,3
90466,3
90467,3
90468,3
90469,2
90470,3
90471,3
90472,3
90473,3
90474,3
90475,3
90476,3
90477,3
90478,3
90479,3
90480,3
90481,3
90482,3
90483,3
90484,2
90485,3
90486,3
90487,2
90488,3
90489,3
90490,3
90491,3
90492,3
90493,3
90494,3
90495,3
90496,3
90497,3
90498,3
90499,3
90500,3
90501,3
90502,3
90503,3
90504,2
90505,2
90506,2
90507,2
90508,0
90509,0
90510,2
90511,2
90512,2
90513,2
90514,2
90515,2
90516,2
90517,2
90518,2
90519,2
90520,2
90521,2
90522,2
90523,2
90524,4
90525,2
90526,2
90527,2
90528,2
90529,2
90530,2
90531,2
90532,2
90533,2
90534,2
90535,4
90536,2
90537,2
90538,2
90539,2
90540,2
90541,2
90542,4
90543,2
90544,4
90545,2
90546,2
90547,4
90548,2
90549,2
90550,2
90551,2
90552,2
90553,2
90554,4
90555,2
90556,2
90557,2
90558,2
90559,2
90560,4
90561,2
90562,2
90563,2
90564,2
90565,2
90566,2
90567,2
90568,2
90569,2
90570,2
90571,2
90572,0
90573,0
90574,2
90575,2
90576,2
90577,2
90578,2
90579,2
90580,2
90581,2
90582,2
90583,2
90584,2
90585,2
90586,2
90587,2
90588,2
90589,2
90590,2
90591,2
90592,2
90593,2
90594,2
90595,2
90596,2
90597,2
90598,2
90599,2
90600,2
90601,2
90602,2
90603,2
90604,2
90605,2
90606,2
90607,2
90608,2
90609,2
90610,2
90611,2
90612,2
90613,2
90614,2
90615,2
90616,2
90617,2
90618,2
90619,2
90620,2
90621,2
90622,2
90623,2
90624,2
90625,2
90626,2
90627,2
90628,2
90629,2
90630,2
90631,2
90632,2
90633,2
90634,2
90635,2
90636,2
90637,2
90638,0
90639,2
90640,2
90641,2
90642,0
90643,1
90644,2
90645,2
90646,2
90647,2
90648,2
90649,2
90650,2
90651,2
90652,2
90653,2
90654,2
90655,2
90656,2
90657,4
90658,2
90659,2
90660,2
90661,2
90662,2
90663,2
90664,2
90665,2
90666,2
90667,2
90668,0
90669,2
90670,0
90671,4
90672,2
90673,2
90674,2
90675,2
90676,2
90677,2
90678,2
90679,2
90680,2
90681,2
90682,2
90683,2
90684,2
90685,2
90686,2
90687,2
90688,2
90689,2
90690,2
90691,2
90692,2
90693,2
90694,2
90695,2
90696,2
90697,2
90698,0
90699,0
90700,0
90701,0
90702,0
90703,2
90704,2
90705,2
90706,2
90707,2
90708,2
90709,2
90710,2
90711,2
90712,4
90713,2
90714,2
90715,2
90716,2
90717,2
90718,2
90719,4
90720,2
90721,2
90722,2
90723,4
90724,2
90725,2
90726,2
90727,4
90728,2
90729,2
90730,2
90731,4
90732,4
90733,4
90734,4
90735,4
90736,2
90737,4
90738,2
90739,2
90740,2
90741,2
90742,2
90743,2
90744,2
90745,2
90746,2
90747,2
90748,2
90749,2
90750,2
90751,2
90752,2
90753,2
90754,2
90755,2
90756,2
90757,2
90758,2
90759,2
90760,2
90761,0
90762,0
90763,2
90764,2
90765,2
90766,2
90767,2
90768,2
90769,2
90770,2
90771,2
90772,2
90773,2
90774,2
90775,2
90776,2
90777,2
90778,2
90779,2
90780,2
90781,2
90782,2
90783,2
90784,2
90785,2
90786,2
90787,2
90788,0
90789,2
90790,4
90791,2
90792,2
90793,2
90794,2
90795,2
90796,2
90797,2
90798,2
90799,2
90800,2
90801,2
90802,2
90803,2
90804,2
90805,2
90806,2
90807,2
90808,2
90809,2
90810,2
90811,2
90812,2
90813,2
90814,2
90815,2
90816,2
90817,2
90818,2
90819,2
90820,2
90821,2
90822,2
90823,2
90824,2
90825,2
90826,2
90827,2
90828,2
90829,2
90830,2
90831,2
90832,2
90833,2
90834,2
90835,2
90836,2
90837,2
90838,2
90839,2
90840,2
90841,2
90842,2
90843,2
90844,2
90845,2
90846,2
90847,2
90848,2
90849,2
90850,2
90851,2
90852,2
90853,2
90854,2
90855,2
90856,2
90857,2
90858,2
90859,2
90860,2
90861,2
90862,2
90863,2
90864,0
90865,2
90866,0
90867,2
90868,2
90869,2
90870,2
90871,2
90872,2
90873,2
90874,2
90875,2
90876,4
90877,2
90878,4
90879,4
90880,4
90881,2
90882,2
90883,2
90884,2
90885,2
90886,2
90887,2
90888,0
90889,2
90890,4
90891,2
90892,2
90893,2
90894,2
90895,4
90896,2
90897,4
90898,4
90899,4
90900,4
90901,2
90902,4
90903,4
90904,2
90905,2
90906,2
90907,4
90908,4
90909,2
90910,4
90911,4
90912,4
90913,4
90914,2
90915,2
90916,2
90917,2
90918,4
90919,2
90920,4
90921,4
90922,2
90923,2
90924,2
90925,2
90926,2
90927,4
90928,4
90929,2
90930,4
90931,0
90932,0
90933,2
90934,4
90935,4
90936,4
90937,4
90938,4
90939,4
90940,4
90941,4
90942,4
90943,4
90944,4
90945,4
90946,4
90947,4
90948,4
90949,4
90950,4
90951,4
90952,4
90953,2
90954,4
90955,4
90956,4
90957,0
90958,2
90959,0
90960,4
90961,1
90962,4
90963,4
90964,4
90965,4
90966,4
90967,0
100000,0
100001,0
100002,0
100003,0
100004,2
100005,2
100006,0
100007,2
100008,0
100009,0
100010,2
100011,2
100012,0
100013,0
100014,2
100015,2
100016,0
100017,2
100018,2
100019,0
100020,0
100021,2
100022,0
100023,2
100024,2
100025,2
100026,0
100027,2
100028,0
100029,0
100030,0
100031,0
100032,0
100033,2
100034,0
100035,0
100036,0
100037,0
100038,0
100039,0
100040,0
100041,1
100042,4
100043,4
100044,4
100045,2
100046,2
100047,2
100048,2
100049,2
100050,2
100051,2
100052,2
100053,2
100054,2
100055,2
100056,2
100057,2
100058,2
100059,2
100060,2
100061,2
100062,2
100063,2
100064,2
100065,2
100066,2
100067,3
100068,3
100069,3
100070,3
100071,3
100072,3
100073,3
100074,3
100075,3
100076,3
100077,3
100078,3
100079,3
100080,3
100081,3
100082,3
100083,3
100084,3
100085,3
100086,3
100087,3
100088,3
100089,3
100090,3
100091,3
100092,3
100093,3
100094,3
100095,3
100096,3
100097,3
100098,3
100099,3
100100,3
100101,3
100102,3
100103,3
100104,3
100105,3
100106,3
100107,2
100108,0
100109,0
100110,2
100111,2
100112,2
100113,2
100114,2
100115,2
100116,2
100117,2
100118,2
100119,2
100120,2
100121,2
100122,2
100123,2
100124,3
100125,3
100126,3
100127,3
100128,2
100129,0
100130,2
100131,2
100132,2
100133,2
100134,3
100135,2
100136,3
100137,3
100138,3
100139,3
100140,3
100141,3
100142,3
100143,3
100144,3
100145,3
100146,3
100147,3
100148,3
100149,3
100150,3
100151,3
100152,3
100153,3
100154,3
100155,3
100156,3
100157,3
100158,3
100159,3
100160,2
100161,0
100162,0
100163,0
100164,2
100165,2
100166,2
100167,2
100168,2
100169,2
100170,2
100171,3
100172,2
100173,2
100174,2
100175,2
100176,2
100177,2
100178,2
100179,2
100180,2
100181,2
100182,2
100183,2
100184,2
100185,2
100186,2
100187,2
100188,2
100189,2
100190,2
100191,2
100192,2
100193,2
100194,2
100195,4
100196,2
100197,2
100198,2
100199,4
100200,2
100201,2
100202,2
100203,2
100204,2
100205,2
100206,2
100207,2
100208,2
100209,2
100210,2
100211,2
100212,2
100213,2
100214,2
100215,2
100216,2
100217,2
100218,2
100219,2
100220,2
100221,2
100222,2
100223,0
100224,2
100225,0
100226,2
100227,2
100228,2
100229,2
100230,2
100231,2
100232,2
100233,2
100234,2
100235,2
100236,3
100237,2
100238,2
100239,2
100240,2
100241,2
100242,2
100243,2
100244,2
100245,3
100246,3
100247,2
100248,3
100249,3
100250,3
100251,3
100252,3
100253,3
100254,3
100255,3
100256,3
100257,3
100258,3
100259,3
100260,2
100261,2
100262,0
100263,2
100264,2
100265,2
100266,2
100267,2
100268,2
100269,2
100270,2
100271,2
100272,0
100273,0
100274,2
100275,2
100276,2
100277,2
100278,2
100279,2
100280,2
100281,2
100282,2
100283,2
100284,2
100285,2
100286,2
100287,2
100288,2
100289,2
100290,2
100291,3
100292,2
100293,3
100294,3
100295,2
100296,3
100297,3
100298,3
100299,3
100300,3
100301,3
100302,3
100303,3
100304,3
100305,3
100306,3
100307,3
100308,3
100309,3
100310,3
100311,3
100312,3
100313,3
100314,3
100315,3
100316,3
100317,3
100318,3
100319,3
100320,3
100321,3
100322,3
100323,3
100324,3
100325,3
100326,3
100327,3
100328,3
100329,3
100330,3
100331,3
100332,3
100333,3
100334,3
100335,3
100336,3
100337,3
100338,2
100339,0
100340,2
100341,2
100342,2
100343,2
100344,2
100345,2
100346,2
100347,2
100348,2
100349,2
100350,2
100351,2
100352,2
100353,2
100354,2
100355,2
100356,2
100357,2
100358,2
100359,2
100360,2
100361,2
100362,2
100363,2
100364,2
100365,2
100366,2
100367,2
100368,2
100369,2
100370,2
100371,2
100372,2
100373,2
100374,2
100375,2
100376,2
100377,2
100378,2
100379,4
100380,2
100381,2
100382,2
100383,4
100384,2
100385,2
100386,2
100387,2
100388,2
100389,2
100390,4
100391,4
100392,2
100393,2
100394,2
100395,2
100396,2
100397,2
100398,2
100399,4
100400,4
100401,4
100402,0
100403,0
100404,4
100405,2
100406,2
100407,2
100408,2
100409,2
100410,4
100411,2
100412,2
100413,4
100414,2
100415,4
100416,2
100417,2
100418,2
100419,2
100420,2
100421,2
100422,2
100423,2
100424,2
100425,2
100426,2
100427,2
100428,2
100429,2
100430,2
100431,2
100432,2
100433,2
100434,2
100435,2
100436,2
100437,2
100438,2
100439,2
100440,2
100441,2
100442,2
100443,2
100444,2
100445,2
100446,2
100447,2
100448,2
100449,2
100450,2
100451,2
100452,2
100453,2
100454,2
100455,2
100456,2
100457,2
100458,2
100459,2
100460,2
100461,2
100462,2
100463,2
100464,2
100465,2
100466,2
100467,3
100468,2
100469,3
100470,3
100471,3
100472,3
100473,3
100474,3
100475,3
100476,3
100477,3
100478,3
100479,3
100480,3
100481,3
100482,3
100483,3
100484,3
100485,3
100486,3
100487,3
100488,3
100489,3
100490,3
100491,3
100492,3
100493,3
100494,3
100495,3
100496,3
100497,3
100498,3
100499,3
100500,3
100501,3
100502,3
100503,3
100504,3
100505,3
100506,3
100507,3
100508,3
100509,3
100510,3
100511,3
100512,3
100513,3
100514,3
100515,3
100516,0
100517,2
100518,2
100519,2
100520,2
100521,2
100522,2
100523,2
100524,2
100525,2
100526,2
100527,2
100528,2
100529,2
100530,2
100531,2
100532,2
100533,0
100534,2
100535,2
100536,2
100537,2
100538,2
100539,2
100540,2
100541,2
100542,2
100543,2
100544,2
100545,2
100546,2
100547,4
100548,2
100549,2
100550,4
100551,2
100552,4
100553,2
100554,4
100555,4
100556,4
100557,2
100558,2
100559,4
100560,4
100561,4
100562,4
100563,2
100564,4
100565,2
100566,4
100567,4
100568,4
100569,4
100570,4
100571,4
100572,4
100573,4
100574,4
100575,2
100576,4
100577,2
100578,4
100579,4
100580,2
100581,2
100582,4
100583,2
100584,4
100585,4
100586,4
100587,4
100588,2
100589,4
100590,2
100591,2
100592,2
100593,2
100594,2
100595,2
100596,2
100597,2
100598,4
100599,2
100600,2
100601,2
100602,2
100603,2
100604,2
100605,2
100606,2
100607,2
100608,2
100609,2
100610,2
100611,2
100612,2
100613,2
100614,2
100615,2
100616,2
100617,2
100618,2
100619,2
100620,2
100621,2
100622,2
100623,2
100624,2
100625,2
100626,2
100627,0
100628,2
100629,2
100630,2
100631,2
100632,2
100633,2
100634,2
100635,2
100636,2
100637,2
100638,2
100639,2
100640,2
100641,2
100642,2
100643,2
100644,2
100645,2
100646,2
100647,2
100648,2
100649,2
100650,2
100651,2
100652,2
100653,2
100654,2
100655,2
100656,2
100657,2
100658,2
100659,2
100660,2
100661,2
100662,2
100663,2
100664,2
100665,2
100666,2
100667,2
100668,2
100669,2
100670,2
100671,2
100672,2
100673,2
100674,2
100675,2
100676,2
100677,2
100678,2
100679,2
100680,2
100681,2
100682,2
100683,2
100684,2
100685,2
100686,2
100687,2
100688,2
100689,2
100690,2
100691,2
100692,0
100693,2
100694,2
100695,2
100696,2
100697,2
100698,2
100699,2
100700,2
100701,2
100702,2
100703,2
100704,2
100705,2
100706,2
100707,2
100708,2
100709,2
100710,2
100711,4
100712,4
100713,2
100714,4
100715,2
100716,4
100717,2
100718,0
100719,2
100720,2
100721,4
100722,2
100723,2
100724,0
100725,0
100726,1
100727,2
100728,2
100729,2
100730,2
100731,2
100732,2
100733,2
100734,2
100735,4
100736,2
100737,4
100738,4
100739,2
100740,2
100741,4
100742,2
100743,2
100744,2
100745,4
100746,4
100747,4
100748,2
100749,2
100750,4
100751,2
100752,4
100753,4
100754,4
100755,2
100756,2
100757,2
100758,2
100759,4
100760,2
100761,4
100762,2
100763,4
100764,2
100765,2
100766,2
100767,2
100768,2
100769,2
100770,4
100771,4
100772,2
100773,4
100774,2
100775,2
100776,4
100777,2
100778,2
100779,4
100780,4
100781,2
100782,2
100783,2
100784,2
100785,2
100786,2
100787,2
100788,2
100789,2
100790,2
100791,4
100792,2
100793,2
100794,4
100795,4
100796,4
100797,2
100798,4
100799,2
100800,2
100801,4
100802,4
100803,4
100804,2
100805,2
100806,4
100807,4
100808,2
100809,2
100810,4
100811,2
100812,2
100813,2
100814,2
100815,2
100816,2
100817,2
100818,2
100819,2
100820,2
100821,2
100822,2
100823,2
100824,2
100825,2
100826,2
100827,2
100828,2
100829,2
100830,2
100831,2
100832,2
100833,2
100834,0
100835,2
100836,0
100837,2
100838,2
100839,2
100840,2
100841,2
100842,2
100843,2
100844,2
100845,2
100846,2
100847,2
100848,2
100849,2
100850,2
100851,2
100852,2
100853,2
100854,2
100855,2
100856,2
100857,2
100858,2
100859,2
100860,2
100861,2
100862,3
100863,2
100864,3
100865,2
100866,2
100867,2
100868,2
100869,2
100870,2
100871,2
100872,2
100873,2
100874,2
100875,2
100876,2
100877,2
100878,3
100879,3
100880,3
100881,3
100882,3
100883,3
100884,3
100885,3
100886,3
100887,3
100888,3
100889,3
100890,3
100891,3
100892,3
100893,3
100894,3
100895,3
100896,3
100897,3
100898,3
100899,3
100900,3
100901,3
100902,3
100903,3
100904,3
100905,3
100906,3
100907,3
100908,2
100909,0
100910,2
100911,2
100912,2
100913,2
100914,2
100915,2
100916,2
100917,2
100918,2
100919,2
100920,2
100921,2
100922,2
100923,2
100924,2
100925,2
100926,2
100927,2
100928,2
100929,2
100930,2
100931,4
100932,4
100933,2
100934,2
100935,2
100936,4
100937,2
100938,2
100939,2
100940,2
100941,4
100942,4
100943,4
100944,2
100945,2
100946,4
100947,2
100948,2
100949,2
100950,4
100951,4
100952,4
100953,2
100954,4
100955,2
100956,2
100957,2
100958,2
100959,2
100960,2
100961,4
100962,4
100963,2
100964,2
100965,2
100966,4
100967,4
100968,2
100969,4
100970,0
100971,2
100972,4
100973,2
100974,2
100975,4
100976,2
100977,2
100978,2
100979,4
100980,2
100981,4
100982,4
100983,2
100984,4
100985,4
100986,2
100987,4
100988,4
100989,2
100990,4
100991,4
100992,2
100993,4
100994,4
100995,2
100996,4
100997,4
100998,2
110000,0
110001,2
110002,2
110003,4
110004,1
110005,0
110006,0
110007,0
110008,0
110009,1
110010,0
110011,1
110012,0
110013,4
110014,1
110015,1
110016,1
110017,1
110018,0
110019,1
110020,1
110021,4
110022,1
110023,0
110024,1
110025,1
110026,1
110027,0
110028,1
110029,0
110030,0
110031,0
110032,0
110033,0
110034,0
110035,0
110036,0
110037,0
110038,0
110039,0
110040,4
110041,0
110042,1
110043,1
110044,0
110045,0
110046,1
110047,0
110048,0
110049,0
110050,0
110051,0
110052,0
110053,1
110054,1
110055,0
110056,0
110057,1
110058,1
110059,1
110060,1
110061,1
110062,2
110063,2
110064,2
110065,2
110066,2
110067,2
110068,2
110069,2
110070,2
110071,2
110072,2
110073,2
110074,2
110075,2
110076,2
110077,2
110078,2
110079,2
110080,2
110081,2
110082,2
110083,2
110084,2
110085,2
110086,2
110087,3
110088,3
110089,3
110090,2
110091,2
110092,3
110093,3
110094,3
110095,3
110096,3
110097,3
110098,3
110099,3
110100,3
110101,3
110102,3
110103,3
110104,3
110105,3
110106,3
110107,3
110108,3
110109,3
110110,3
110111,3
110112,3
110113,3
110114,3
110115,3
110116,3
110117,3
110118,3
110119,3
110120,3
110121,3
110122,3
110123,3
110124,3
110125,3
110126,3
110127,3
110128,3
110129,3
110130,3
110131,3
110132,0
110133,2
110134,2
110135,2
110136,2
110137,2
110138,2
110139,2
110140,2
110141,2
110142,2
110143,2
110144,2
110145,2
110146,2
110147,2
110148,2
110149,2
110150,2
110151,2
110152,2
110153,2
110154,2
110155,2
110156,2
110157,2
110158,2
110159,3
110160,2
110161,2
110162,2
110163,3
110164,3
110165,3
110166,3
110167,3
110168,3
110169,3
110170,3
110171,3
110172,3
110173,2
110174,2
110175,2
110176,2
110177,2
110178,2
110179,2
110180,2
110181,2
110182,2
110183,2
110184,3
110185,2
110186,0
110187,2
110188,2
110189,2
110190,2
110191,2
110192,2
110193,2
110194,2
110195,2
110196,2
110197,2
110198,2
110199,2
110200,2
110201,2
110202,2
110203,2
110204,2
110205,2
110206,2
110207,2
110208,2
110209,2
110210,3
110211,2
110212,3
110213,3
110214,3
110215,3
110216,3
110217,2
110218,3
110219,3
110220,3
110221,0
110222,2
110223,2
110224,2
110225,2
110226,2
110227,2
110228,2
110229,2
110230,2
110231,2
110232,2
110233,2
110234,2
110235,2
110236,2
110237,2
110238,2
110239,2
110240,1
110241,0
110242,2
110243,2
110244,2
110245,4
110246,4
110247,4
110248,4
110249,4
110250,4
110251,4
110252,4
110253,4
110254,4
110255,4
110256,4
110257,4
110258,4
110259,4
110260,4
110261,4
110262,4
110263,4
110264,4
110265,4
110266,4
110267,4
110268,4
110269,4
110270,4
110271,2
110272,2
110273,4
110274,4
110275,0
110276,1
110277,4
110278,2
110279,2
110280,2
110281,2
110282,2
110283,2
110284,2
110285,2
110286,2
110287,2
110288,2
110289,0
110290,2
110291,2
110292,2
110293,2
110294,2
110295,2
110296,2
110297,2
110298,2
110299,2
110300,2
110301,2
110302,2
110303,2
110304,2
110305,2
110306,2
110307,2
110308,2
110309,2
110310,2
110311,2
110312,2
110313,2
110314,2
110315,2
110316,2
110317,2
110318,2
110319,2
110320,3
110321,0
110322,2
110323,0
110324,0
110325,2
110326,0
110327,1
110328,2
110329,2
110330,2
110331,2
110332,2
110333,2
110334,2
110335,2
110336,2
110337,2
110338,2
110339,2
110340,2
110341,0
110342,2
110343,2
110344,2
110345,2
110346,2
110347,2
110348,2
110349,2
110350,2
110351,2
110352,2
110353,2
110354,2
110355,2
110356,2
110357,0
110358,2
110359,0
110360,0
110361,0
110362,0
110363,0
110364,0
110365,0
110366,0
110367,1
110368,1
110369,1
110370,2
110371,2
110372,2
110373,2
110374,2
110375,2
110376,2
110377,2
110378,2
110379,2
110380,2
110381,2
110382,2
110383,2
110384,2
110385,2
110386,2
110387,2
110388,2
110389,2
110390,2
110391,2
110392,2
110393,2
110394,2
110395,2
110396,2
110397,2
110398,2
110399,2
110400,2
110401,2
110402,2
110403,2
110404,0
110405,2
110406,2
110407,2
110408,2
110409,2
110410,2
110411,2
110412,2
110413,2
110414,2
110415,2
110416,2
110417,2
110418,2
110419,2
110420,2
110421,2
110422,2
110423,2
110424,2
110425,2
110426,2
110427,2
110428,2
110429,2
110430,0
110431,0
110432,0
110433,4
110434,0
110435,0
110436,0
110437,0
110438,0
110439,0
110440,0
110441,0
110442,0
110443,0
110444,0
110445,0
110446,0
110447,0
110448,0
110449,4
110450,2
110451,0
110452,0
110453,0
110454,0
110455,4
110456,0
110457,1
110458,0
110459,0
110460,0
110461,4
110462,4
110463,4
110464,0
110465,0
110466,4
110467,4
110468,1
110469,0
110470,4
110471,0
110472,0
110473,0
110474,0
110475,0
110476,0
110477,0
110478,0
110479,0
110480,4
110481,4
110482,0
110483,0
110484,0
110485,0
110486,0
110487,0
110488,0
110489,4
110490,0
110491,4
110492,0
110493,0
110494,0
110495,0
110496,0
110497,0
110498,0
110499,0
110500,0
110501,0
110502,0
110503,1
110504,0
110505,0
110506,0
110507,0
110508,0
110509,0
110510,0
110511,0
110512,1
110513,1
110514,0
110515,0
110516,0
110517,0
110518,4
110519,0
110520,0
110521,0
110522,0
110523,0
110524,0
110525,1
110526,4
110527,1
110528,0
110529,0
110530,1
110531,1
110532,1
110533,4
110534,2
110535,2
110536,2
110537,2
110538,2
110539,2
110540,2
110541,4
110542,2
110543,4
110544,2
110545,4
110546,4
110547,2
110548,2
110549,4
110550,4
110551,4
110552,4
110553,4
110554,4
110555,4
110556,4
110557,4
110558,4
110559,4
110560,4
110561,1
110562,4
110563,4
110564,4
110565,1
110566,4
110567,4
110568,4
110569,4
110570,4
110571,0
110572,0
110573,4
110574,1
110575,1
110576,0
110577,4
110578,4
110579,4
110580,4
110581,2
110582,4
110583,2
110584,2
110585,2
110586,2
110587,2
110588,2
110589,2
110590,2
110591,2
110592,2
110593,2
110594,2
110595,2
110596,2
110597,2
110598,2
110599,2
110600,2
110601,2
110602,2
110603,2
110604,2
110605,2
110606,2
110607,2
110608,2
110609,2
110610,2
110611,2
110612,2
110613,2
110614,2
110615,2
110616,2
110617,2
110618,2
110619,2
110620,2
110621,2
110622,2
110623,2
110624,2
110625,2
110626,2
110627,2
110628,2
110629,0
110630,0
110631,2
110632,2
110633,2
110634,2
110635,2
110636,2
110637,2
110638,2
110639,2
110640,2
110641,2
110642,2
110643,2
110644,2
110645,2
110646,2
110647,2
110648,2
110649,2
110650,2
110651,2
110652,2
110653,2
110654,2
110655,2
110656,2
110657,2
110658,2
110659,2
110660,2
110661,2
110662,2
110663,3
110664,2
110665,2
110666,3
110667,2
110668,2
110669,2
110670,3
110671,3
110672,2
110673,2
110674,2
110675,3
110676,3
110677,3
110678,3
110679,3
110680,3
110681,2
110682,3
110683,3
110684,3
110685,3
110686,3
110687,3
110688,3
110689,3
110690,2
110691,0
110692,2
110693,2
110694,2
110695,2
110696,2
110697,2
110698,2
110699,2
110700,2
110701,2
110702,2
110703,2
110704,2
110705,2
110706,2
110707,2
110708,2
110709,2
110710,2
110711,2
110712,2
110713,2
110714,2
110715,2
110716,2
110717,2
110718,2
110719,2
110720,2
110721,2
110722,2
110723,2
110724,2
110725,2
110726,2
110727,2
110728,2
110729,2
110730,2
110731,2
110732,2
110733,2
110734,2
110735,2
110736,2
110737,2
110738,2
110739,2
110740,2
110741,2
110742,2
110743,2
110744,2
110745,2
110746,2
110747,2
110748,2
110749,4
110750,4
110751,4
110752,0
110753,4
110754,4
110755,4
110756,4
110757,4
110758,4
110759,4
110760,4
110761,4
110762,4
110763,4
110764,0
110765,4
110766,4
110767,4
110768,0
110769,4
110770,4
110771,1
110772,4
110773,2
110774,2
110775,2
110776,2
110777,2
110778,2
110779,2
110780,2
110781,2
110782,2
110783,2
110784,2
110785,2
110786,2
110787,4
110788,4
110789,4
110790,4
110791,2
110792,2
110793,2
110794,4
110795,4
110796,4
110797,4
110798,4
110799,4
110800,4
110801,4
110802,4
110803,4
110804,4
110805,4
110806,0
110807,4
110808,4
110809,4
110810,4
110811,4
110812,0
110813,1
110814,0
110815,0
110816,4
110817,0
110818,0
110819,4
110820,4
110821,4
110822,2
110823,2
110824,2
110825,2
110826,2
110827,2
110828,2
110829,2
110830,2
110831,2
110832,2
110833,0
110834,1
110835,4
110836,2
110837,2
110838,2
110839,2
110840,2
110841,2
110842,2
110843,2
110844,2
110845,2
110846,2
110847,2
110848,2
110849,2
110850,2
110851,2
110852,2
110853,2
110854,2
110855,2
110856,2
110857,2
110858,2
110859,2
110860,2
110861,2
110862,2
110863,2
110864,2
110865,2
110866,2
110867,2
110868,2
110869,2
110870,2
110871,2
110872,2
110873,2
110874,2
110875,2
110876,2
110877,2
110878,2
110879,2
110880,2
110881,2
110882,2
110883,2
110884,2
110885,2
110886,2
110887,2
110888,2
110889,2
110890,2
110891,0
110892,1
110893,2
110894,2
110895,2
110896,2
110897,2
110898,2
110899,2
110900,2
110901,2
110902,2
110903,2
110904,2
110905,0
110906,0
110907,0
110908,2
110909,0
110910,0
110911,0
110912,0
110913,0
110914,0
110915,0
110916,0
110917,0
